ticker,company_name,sector_ic,subsector_ic
AADI,Adaro Andalan Indonesia Tbk.,energy,
AALI,Astra Agro Lestari Tbk.,consumer_non_cyclicals,
ABBA,Mahaka Media Tbk.,consumer_cyclicals,
ABDA,Asuransi Bina Dana Arta Tbk.,financials,
ABMM,ABM Investama Tbk.,energy,
ACES,Aspirasi Hidup Indonesia Tbk.,consumer_cyclicals,
ACRO,Samcro Hyosung Adilestari Tbk.,consumer_cyclicals,
ACST,Acset Indonusa Tbk.,infrastructures,
ADCP,Adhi Commuter Properti Tbk.,properties_real_estate,
ADES,Akasha Wira International Tbk.,consumer_non_cyclicals,
ADHI,Adhi Karya (Persero) Tbk.,infrastructures,
ADMF,Adira Dinamika Multi Finance T,financials,
ADMG,Polychem Indonesia Tbk,basic_materials,
ADMR,Alamtri Minerals Indonesia Tbk,energy,
ADRO,Alamtri Resources Indonesia Tb,energy,
AEGS,Anugerah Spareparts Sejahtera ,consumer_cyclicals,
AGAR,Asia Sejahtera Mina Tbk.,consumer_non_cyclicals,
AGII,Samator Indo Gas Tbk.,basic_materials,
AGRO,Bank Raya Indonesia Tbk.,financials,
AGRS,Bank IBK Indonesia Tbk.,financials,
AHAP,Asuransi Harta Aman Pratama Tb,financials,
AIMS,Artha Mahiya Investama Tbk.,energy,
AISA,FKS Food Sejahtera Tbk.,consumer_non_cyclicals,
AKKU,Anugerah Kagum Karya Utama Tbk,consumer_cyclicals,
AKPI,Argha Karya Prima Industry Tbk,basic_materials,
AKRA,AKR Corporindo Tbk.,energy,
AKSI,Mineral Sumberdaya Mandiri Tbk,transportasi_dan_logistik,
ALDO,Alkindo Naratama Tbk.,basic_materials,
ALII,Ancara Logistics Indonesia Tbk,energy,
ALKA,Alakasa Industrindo Tbk,basic_materials,
ALMI,Alumindo Light Metal Industry ,basic_materials,
ALTO,Tri Banyan Tirta Tbk.,consumer_non_cyclicals,
AMAG,Asuransi Multi Artha Guna Tbk.,financials,
AMAN,Makmur Berkah Amanda Tbk.,properties_real_estate,
AMAR,Bank Amar Indonesia Tbk.,financials,
AMFG,Asahimas Flat Glass Tbk.,industrials,
AMIN,Ateliers Mecaniques D Indonesi,industrials,
AMMN,Amman Mineral Internasional Tb,basic_materials,
AMMS,Agung Menjangan Mas Tbk.,consumer_non_cyclicals,
AMOR,Ashmore Asset Management Indon,financials,
AMRT,Sumber Alfaria Trijaya Tbk.,consumer_non_cyclicals,
ANDI,Andira Agro Tbk.,consumer_non_cyclicals,
ANJT,Austindo Nusantara Jaya Tbk.,consumer_non_cyclicals,
ANTM,Aneka Tambang Tbk.,basic_materials,
APEX,Apexindo Pratama Duta Tbk.,energy,
APIC,Pacific Strategic Financial Tb,financials,
APII,Arita Prima Indonesia Tbk.,industrials,
APLI,Asiaplast Industries Tbk.,basic_materials,
APLN,Agung Podomoro Land Tbk.,properties_real_estate,
ARCI,Archi Indonesia Tbk.,basic_materials,
AREA,Dunia Virtual Online Tbk.,technology,
ARGO,Argo Pantes Tbk,consumer_cyclicals,
ARII,Atlas Resources Tbk.,energy,
ARKA,Arkha Jayanti Persada Tbk.,industrials,
ARKO,Arkora Hydro Tbk.,infrastructures,
ARMY,Armidian Karyatama Tbk.,properties_real_estate,
ARNA,Arwana Citramulia Tbk.,industrials,
ARTA,Arthavest Tbk,consumer_cyclicals,
ARTI,Ratu Prabu Energi Tbk,energy,
ARTO,Bank Jago Tbk.,financials,
ASBI,Asuransi Bintang Tbk.,financials,
ASDM,Asuransi Dayin Mitra Tbk.,financials,
ASGR,Astra Graphia Tbk.,industrials,
ASHA,Cilacap Samudera Fishing Indus,consumer_non_cyclicals,
ASII,Astra International Tbk.,industrials,
ASJT,Asuransi Jasa Tania Tbk.,financials,
ASLC,Autopedia Sukses Lestari Tbk.,consumer_cyclicals,
ASLI,Asri Karya Lestari Tbk.,infrastructures,
ASMI,Asuransi Maximus Graha Persada,financials,
ASPI,Andalan Sakti Primaindo Tbk.,properties_real_estate,
ASPR,Asia Pramulia Tbk.,basic_materials,
ASRI,Alam Sutera Realty Tbk.,properties_real_estate,
ASRM,Asuransi Ramayana Tbk.,financials,
ASSA,Adi Sarana Armada Tbk.,transportasi_dan_logistik,
ATAP,Trimitra Prawara Goldland Tbk.,properties_real_estate,
ATIC,Anabatic Technologies Tbk.,technology,
ATLA,Atlantis Subsea Indonesia Tbk.,energy,
AUTO,Astra Otoparts Tbk.,consumer_cyclicals,
AVIA,Avia Avian Tbk.,basic_materials,
AWAN,Era Digital Media Tbk.,technology,
AXIO,Tera Data Indonusa Tbk.,technology,
AYAM,Janu Putra Sejahtera Tbk.,consumer_non_cyclicals,
AYLS,Agro Yasa Lestari Tbk.,basic_materials,
BABP,Bank MNC Internasional Tbk.,financials,
BABY,Multitrend Indo Tbk.,consumer_cyclicals,
BACA,Bank Capital Indonesia Tbk.,financials,
BAIK,Bersama Mencapai Puncak Tbk.,consumer_cyclicals,
BAJA,Saranacentral Bajatama Tbk.,basic_materials,
BALI,Bali Towerindo Sentra Tbk.,infrastructures,
BANK,Bank Aladin Syariah Tbk.,financials,
BAPA,Bekasi Asri Pemula Tbk.,properties_real_estate,
BAPI,Bhakti Agung Propertindo Tbk.,properties_real_estate,
BATA,Sepatu Bata Tbk.,consumer_cyclicals,
BATR,Benteng Api Technic Tbk.,basic_materials,
BAUT,Mitra Angkasa Sejahtera Tbk.,consumer_cyclicals,
BAYU,Bayu Buana Tbk,consumer_cyclicals,
BBCA,Bank Central Asia Tbk.,financials,
BBHI,Allo Bank Indonesia Tbk.,financials,
BBKP,Bank KB Indonesia Tbk.,financials,
BBLD,Buana Finance Tbk.,financials,
BBMD,Bank Mestika Dharma Tbk.,financials,
BBNI,Bank Negara Indonesia (Persero,financials,
BBRI,Bank Rakyat Indonesia (Persero,financials,
BBRM,Pelayaran Nasional Bina Buana ,energy,
BBSI,Krom Bank Indonesia Tbk.,financials,
BBSS,Bumi Benowo Sukses Sejahtera T,properties_real_estate,
BBTN,Bank Tabungan Negara (Persero),financials,
BBYB,Bank Neo Commerce Tbk.,financials,
BCAP,MNC Kapital Indonesia Tbk.,financials,
BCIC,Bank JTrust Indonesia Tbk.,financials,
BCIP,Bumi Citra Permai Tbk.,properties_real_estate,
BDKR,Berdikari Pondasi Perkasa Tbk.,infrastructures,
BDMN,Bank Danamon Indonesia Tbk.,financials,
BEBS,Berkah Beton Sadaya Tbk.,basic_materials,
BEEF,Estika Tata Tiara Tbk.,consumer_non_cyclicals,
BEER,Jobubu Jarum Minahasa Tbk.,consumer_non_cyclicals,
BEKS,Bank Pembangunan Daerah Banten,financials,
BELI,Global Digital Niaga Tbk.,technology,
BELL,Trisula Textile Industries Tbk,consumer_cyclicals,
BESS,Batulicin Nusantara Maritim Tb,energy,
BEST,Bekasi Fajar Industrial Estate,properties_real_estate,
BFIN,BFI Finance  Indonesia Tbk.,financials,
BGTG,Bank Ganesha Tbk.,financials,
BHAT,Bhakti Multi Artha Tbk.,financials,
BHIT,MNC Asia Holding Tbk.,industrials,
BIKA,Binakarya Jaya Abadi Tbk.,properties_real_estate,
BIKE,Sepeda Bersama Indonesia Tbk.,consumer_cyclicals,
BIMA,Primarindo Asia Infrastructure,consumer_cyclicals,
BINA,Bank Ina Perdana Tbk.,financials,
BINO,Perma Plasindo Tbk.,industrials,
BIPI,Astrindo Nusantara Infrastrukt,energy,
BIPP,Bhuwanatala Indah Permai Tbk.,properties_real_estate,
BIRD,Blue Bird Tbk.,transportasi_dan_logistik,
BISI,BISI International Tbk.,consumer_non_cyclicals,
BJBR,Bank Pembangunan Daerah Jawa B,financials,
BJTM,Bank Pembangunan Daerah Jawa T,financials,
BKDP,Bukit Darmo Property Tbk,properties_real_estate,
BKSL,Sentul City Tbk.,properties_real_estate,
BKSW,Bank QNB Indonesia Tbk.,financials,
BLES,Superior Prima Sukses Tbk.,basic_materials,
BLOG,Trimitra Trans Persada Tbk.,transportasi_dan_logistik,
BLTA,Berlian Laju Tanker Tbk,transportasi_dan_logistik,
BLTZ,Graha Layar Prima Tbk.,consumer_cyclicals,
BLUE,Berkah Prima Perkasa Tbk.,industrials,
BMAS,Bank Maspion Indonesia Tbk.,financials,
BMBL,Lavender Bina Cendikia Tbk.,consumer_cyclicals,
BMHS,Bundamedik Tbk.,healthcare,
BMRI,Bank Mandiri (Persero) Tbk.,financials,
BMSR,Bintang Mitra Semestaraya Tbk,basic_materials,
BMTR,Global Mediacom Tbk.,consumer_cyclicals,
BNBA,Bank Bumi Arta Tbk.,financials,
BNBR,Bakrie & Brothers Tbk,industrials,
BNGA,Bank CIMB Niaga Tbk.,financials,
BNII,Bank Maybank Indonesia Tbk.,financials,
BNLI,Bank Permata Tbk.,financials,
BOAT,Newport Marine Services Tbk.,energy,
BOBA,Formosa Ingredient Factory Tbk,consumer_non_cyclicals,
BOGA,Bintang Oto Global Tbk.,consumer_cyclicals,
BOLA,Bali Bintang Sejahtera Tbk.,consumer_cyclicals,
BOLT,Garuda Metalindo Tbk.,consumer_cyclicals,
BOSS,Borneo Olah Sarana Sukses Tbk.,energy,
BPFI,Woori Finance Indonesia Tbk.,financials,
BPII,Batavia Prosperindo Internasio,financials,
BPTR,Batavia Prosperindo Trans Tbk.,transportasi_dan_logistik,
BRAM,Indo Kordsa Tbk.,consumer_cyclicals,
BREN,Barito Renewables Energy Tbk.,infrastructures,
BRIS,Bank Syariah Indonesia Tbk.,financials,
BRMS,Bumi Resources Minerals Tbk.,basic_materials,
BRNA,Berlina Tbk.,basic_materials,
BRPT,Barito Pacific Tbk.,basic_materials,
BRRC,Raja Roti Cemerlang Tbk.,consumer_non_cyclicals,
BSBK,Wulandari Bangun Laksana Tbk.,properties_real_estate,
BSDE,Bumi Serpong Damai Tbk.,properties_real_estate,
BSIM,Bank Sinarmas Tbk.,financials,
BSML,Bintang Samudera Mandiri Lines,energy,
BSSR,Baramulti Suksessarana Tbk.,energy,
BSWD,Bank Of India Indonesia Tbk.,financials,
BTEK,Bumi Teknokultura Unggul Tbk,consumer_non_cyclicals,
BTEL,Bakrie Telecom Tbk.,infrastructures,
BTON,Betonjaya Manunggal Tbk.,basic_materials,
BTPN,Bank SMBC Indonesia Tbk.,financials,
BTPS,Bank BTPN Syariah Tbk.,financials,
BUAH,Segar Kumala Indonesia Tbk.,consumer_non_cyclicals,
BUDI,Budi Starch & Sweetener Tbk.,consumer_non_cyclicals,
BUKA,Bukalapak.com Tbk.,technology,
BUKK,Bukaka Teknik Utama Tbk.,infrastructures,
BULL,Buana Lintas Lautan Tbk.,energy,
BUMI,Bumi Resources Tbk.,energy,
BUVA,Bukit Uluwatu Villa Tbk.,consumer_cyclicals,
BVIC,Bank Victoria International Tb,financials,
BWPT,Eagle High Plantations Tbk.,consumer_non_cyclicals,
BYAN,Bayan Resources Tbk.,energy,
CAKK,Cahayaputra Asa Keramik Tbk.,industrials,
CAMP,Campina Ice Cream Industry Tbk,consumer_non_cyclicals,
CANI,Capitol Nusantara Indonesia Tb,energy,
CARE,Metro Healthcare Indonesia Tbk,healthcare,
CARS,Industri dan Perdagangan Bintr,consumer_cyclicals,
CASA,Capital Financial Indonesia Tb,financials,
CASH,Cashlez Worldwide Indonesia Tb,technology,
CASS,Cahaya Aero Services Tbk.,infrastructures,
CBDK,Bangun Kosambi Sukses Tbk.,properties_real_estate,
CBMF,Cahaya Bintang Medan Tbk.,consumer_cyclicals,
CBPE,Citra Buana Prasida Tbk.,properties_real_estate,
CBRE,Cakra Buana Resources Energi T,energy,
CBUT,Citra Borneo Utama Tbk.,consumer_non_cyclicals,
CCSI,Communication Cable Systems In,industrials,
CDIA,Chandra Daya Investasi Tbk.,infrastructures,
CEKA,Wilmar Cahaya Indonesia Tbk.,consumer_non_cyclicals,
CENT,Centratama Telekomunikasi Indo,infrastructures,
CFIN,Clipan Finance Indonesia Tbk.,financials,
CGAS,Citra Nusantara Gemilang Tbk.,energy,
CHEK,Diastika Biotekindo Tbk.,healthcare,
CHEM,Chemstar Indonesia Tbk.,basic_materials,
CHIP,Pelita Teknologi Global Tbk.,technology,
CINT,Chitose Internasional Tbk.,consumer_cyclicals,
CITA,Cita Mineral Investindo Tbk.,basic_materials,
CITY,Natura City Developments Tbk.,properties_real_estate,
CLAY,Citra Putra Realty Tbk.,consumer_cyclicals,
CLEO,Sariguna Primatirta Tbk.,consumer_non_cyclicals,
CLPI,Colorpak Indonesia Tbk.,basic_materials,
CMNP,Citra Marga Nusaphala Persada ,infrastructures,
CMNT,Cemindo Gemilang Tbk.,basic_materials,
CMPP,AirAsia Indonesia Tbk.,transportasi_dan_logistik,
CMRY,Cisarua Mountain Dairy Tbk.,consumer_non_cyclicals,
CNKO,Exploitasi Energi Indonesia Tb,energy,
CNMA,Nusantara Sejahtera Raya Tbk.,consumer_cyclicals,
CNTX,Century Textile Industry Tbk.,consumer_cyclicals,
COAL,Black Diamond Resources Tbk.,energy,
COCO,Wahana Interfood Nusantara Tbk,consumer_non_cyclicals,
COIN,Indokripto Koin Semesta Tbk.,financials,
COWL,Cowell Development Tbk.,properties_real_estate,
CPIN,Charoen Pokphand Indonesia Tbk,consumer_non_cyclicals,
CPRI,Capri Nusa Satu Properti Tbk.,properties_real_estate,
CPRO,Central Proteina Prima Tbk.,consumer_non_cyclicals,
CRAB,Toba Surimi Industries Tbk.,consumer_non_cyclicals,
CRSN,Carsurin Tbk.,industrials,
CSAP,Catur Sentosa Adiprana Tbk.,consumer_cyclicals,
CSIS,Cahayasakti Investindo Sukses ,properties_real_estate,
CSMI,Cipta Selera Murni Tbk.,consumer_cyclicals,
CSRA,Cisadane Sawit Raya Tbk.,consumer_non_cyclicals,
CTBN,Citra Tubindo Tbk.,basic_materials,
CTRA,Ciputra Development Tbk.,properties_real_estate,
CTTH,Citatah Tbk.,industrials,
CUAN,Petrindo Jaya Kreasi Tbk.,energy,
CYBR,ITSEC Asia Tbk.,technology,
DAAZ,Daaz Bara Lestari Tbk.,basic_materials,
DADA,Diamond Citra Propertindo Tbk.,properties_real_estate,
DART,Duta Anggada Realty Tbk.,properties_real_estate,
DATA,Remala Abadi Tbk.,infrastructures,
DAYA,Duta Intidaya Tbk.,consumer_non_cyclicals,
DCII,DCI Indonesia Tbk.,technology,
DEAL,Dewata Freightinternational Tb,transportasi_dan_logistik,
DEFI,Danasupra Erapacific Tbk.,financials,
DEPO,Caturkarda Depo Bangunan Tbk.,consumer_cyclicals,
DEWA,Darma Henwa Tbk,energy,
DEWI,Dewi Shri Farmindo Tbk.,consumer_non_cyclicals,
DFAM,Dafam Property Indonesia Tbk.,consumer_cyclicals,
DGIK,Nusa Konstruksi Enjiniring Tbk,infrastructures,
DGNS,Diagnos Laboratorium Utama Tbk,healthcare,
DGWG,Delta Giri Wacana Tbk.,basic_materials,
DIGI,Arkadia Digital Media Tbk.,consumer_cyclicals,
DILD,Intiland Development Tbk.,properties_real_estate,
DIVA,Distribusi Voucher Nusantara T,technology,
DKFT,Central Omega Resources Tbk.,basic_materials,
DKHH,Cipta Sarana Medika Tbk.,healthcare,
DLTA,Delta Djakarta Tbk.,consumer_non_cyclicals,
DMAS,Puradelta Lestari Tbk.,properties_real_estate,
DMMX,Digital Mediatama Maxima Tbk.,technology,
DMND,Diamond Food Indonesia Tbk.,consumer_non_cyclicals,
DNAR,Bank Oke Indonesia Tbk.,financials,
DNET,Indoritel Makmur Internasional,financials,
DOID,BUMA Internasional Grup Tbk.,energy,
DOOH,Era Media Sejahtera Tbk.,consumer_cyclicals,
DOSS,Global Sukses Digital Tbk.,consumer_cyclicals,
DPNS,Duta Pertiwi Nusantara Tbk.,basic_materials,
DPUM,Dua Putra Utama Makmur Tbk.,consumer_non_cyclicals,
DRMA,Dharma Polimetal Tbk.,consumer_cyclicals,
DSFI,Dharma Samudera Fishing Indust,consumer_non_cyclicals,
DSNG,Dharma Satya Nusantara Tbk.,consumer_non_cyclicals,
DSSA,Dian Swastatika Sentosa Tbk,energy,
DUCK,Jaya Bersama Indo Tbk.,consumer_cyclicals,
DUTI,Duta Pertiwi Tbk,properties_real_estate,
DVLA,Darya-Varia Laboratoria Tbk.,healthcare,
DWGL,Dwi Guna Laksana Tbk.,energy,
DYAN,Dyandra Media International Tb,industrials,
EAST,Eastparc Hotel Tbk.,consumer_cyclicals,
ECII,Electronic City Indonesia Tbk.,consumer_cyclicals,
EDGE,Indointernet Tbk.,technology,
EKAD,Ekadharma International Tbk.,basic_materials,
ELIT,Data Sinergitama Jaya Tbk.,technology,
ELPI,Pelayaran Nasional Ekalya Purn,transportasi_dan_logistik,
ELSA,Elnusa Tbk.,energy,
ELTY,Bakrieland Development Tbk.,properties_real_estate,
EMAS,Merdeka Gold Resources Tbk.,basic_materials,
EMDE,Megapolitan Developments Tbk.,properties_real_estate,
EMTK,Elang Mahkota Teknologi Tbk.,technology,
ENAK,Champ Resto Indonesia Tbk.,consumer_cyclicals,
ENRG,Energi Mega Persada Tbk.,energy,
ENVY,Envy Technologies Indonesia Tb,technology,
ENZO,Morenzo Abadi Perkasa Tbk.,consumer_non_cyclicals,
EPAC,Megalestari Epack Sentosaraya ,basic_materials,
EPMT,Enseval Putera Megatrading Tbk,consumer_non_cyclicals,
ERAA,Erajaya Swasembada Tbk.,consumer_cyclicals,
ERAL,Sinar Eka Selaras Tbk.,consumer_cyclicals,
ERTX,Eratex Djaja Tbk.,consumer_cyclicals,
ESIP,Sinergi Inti Plastindo Tbk.,basic_materials,
ESSA,ESSA Industries Indonesia Tbk.,basic_materials,
ESTA,Esta Multi Usaha Tbk.,consumer_cyclicals,
ESTI,Ever Shine Tex Tbk.,consumer_cyclicals,
ETWA,Eterindo Wahanatama Tbk,basic_materials,
EURO,Estee Gold Feet Tbk.,consumer_non_cyclicals,
EXCL,XLSMART Telecom Sejahtera Tbk.,infrastructures,
FAPA,FAP Agri Tbk.,consumer_non_cyclicals,
FAST,Fast Food Indonesia Tbk.,consumer_cyclicals,
FASW,Fajar Surya Wisesa Tbk.,basic_materials,
FILM,MD Entertainment Tbk.,consumer_cyclicals,
FIMP,Fimperkasa Utama Tbk.,infrastructures,
FIRE,Alfa Energi Investama Tbk.,energy,
FISH,FKS Multi Agro Tbk.,consumer_non_cyclicals,
FITT,Hotel Fitra International Tbk.,consumer_cyclicals,
FLMC,Falmaco Nonwoven Industri Tbk.,consumer_non_cyclicals,
FMII,Fortune Mate Indonesia Tbk,properties_real_estate,
FOLK,Multi Garam Utama Tbk.,industrials,
FOOD,Sentra Food Indonesia Tbk.,consumer_non_cyclicals,
FORE,Fore Kopi Indonesia Tbk.,consumer_non_cyclicals,
FORU,Fortune Indonesia Tbk,consumer_cyclicals,
FPNI,Lotte Chemical Titan Tbk.,basic_materials,
FUJI,Fuji Finance Indonesia Tbk.,financials,
FUTR,Futura Energi Global Tbk.,consumer_cyclicals,
FWCT,Wijaya Cahaya Timber Tbk.,basic_materials,
GAMA,Aksara Global Development Tbk.,properties_real_estate,
GDST,Gunawan Dianjaya Steel Tbk.,basic_materials,
GDYR,Goodyear Indonesia Tbk.,consumer_cyclicals,
GEMA,Gema Grahasarana Tbk.,consumer_cyclicals,
GEMS,Golden Energy Mines Tbk.,energy,
GGRM,Gudang Garam Tbk.,consumer_non_cyclicals,
GGRP,Gunung Raja Paksi Tbk.,basic_materials,
GHON,Gihon Telekomunikasi Indonesia,infrastructures,
GIAA,Garuda Indonesia (Persero) Tbk,transportasi_dan_logistik,
GJTL,Gajah Tunggal Tbk.,consumer_cyclicals,
GLOB,Globe Kita Terang Tbk.,consumer_cyclicals,
GLVA,Galva Technologies Tbk.,technology,
GMFI,Garuda Maintenance Facility Ae,infrastructures,
GMTD,Gowa Makassar Tourism Developm,properties_real_estate,
GOLD,Visi Telekomunikasi Infrastruk,infrastructures,
GOLF,Intra Golflink Resorts Tbk.,consumer_cyclicals,
GOLL,Golden Plantation Tbk.,consumer_non_cyclicals,
GOOD,Garudafood Putra Putri Jaya Tb,consumer_non_cyclicals,
GOTO,GoTo Gojek Tokopedia Tbk.,technology,
GPRA,Perdana Gapuraprima Tbk.,properties_real_estate,
GPSO,Geoprima Solusi Tbk.,industrials,
GRIA,Ingria Pratama Capitalindo Tbk,properties_real_estate,
GRPH,Griptha Putra Persada Tbk.,consumer_cyclicals,
GRPM,Graha Prima Mentari Tbk.,consumer_non_cyclicals,
GSMF,Equity Development Investment ,financials,
GTBO,Garda Tujuh Buana Tbk,energy,
GTRA,Grahaprima Suksesmandiri Tbk.,transportasi_dan_logistik,
GTSI,GTS Internasional Tbk.,energy,
GULA,Aman Agrindo Tbk.,consumer_non_cyclicals,
GUNA,Gunanusa Eramandiri Tbk.,consumer_non_cyclicals,
GWSA,Greenwood Sejahtera Tbk.,consumer_cyclicals,
GZCO,Gozco Plantations Tbk.,consumer_non_cyclicals,
HADE,Himalaya Energi Perkasa Tbk.,infrastructures,
HAIS,Hasnur Internasional Shipping ,transportasi_dan_logistik,
HAJJ,Arsy Buana Travelindo Tbk.,consumer_cyclicals,
HALO,Haloni Jane Tbk.,healthcare,
HATM,Habco Trans Maritima Tbk.,transportasi_dan_logistik,
HBAT,Minahasa Membangun Hebat Tbk.,properties_real_estate,
HDFA,Radana Bhaskara Finance Tbk.,financials,
HDIT,Hensel Davest Indonesia Tbk.,technology,
HEAL,Medikaloka Hermina Tbk.,healthcare,
HELI,Jaya Trishindo Tbk.,transportasi_dan_logistik,
HERO,DFI Retail Nusantara Tbk.,consumer_non_cyclicals,
HEXA,Hexindo Adiperkasa Tbk.,industrials,
HGII,Hero Global Investment Tbk.,infrastructures,
HILL,Hillcon Tbk.,energy,
HITS,Humpuss Intermoda Transportasi,energy,
HKMU,HK Metals Utama Tbk.,basic_materials,
HMSP,H.M. Sampoerna Tbk.,consumer_non_cyclicals,
HOKI,Buyung Poetra Sembada Tbk.,consumer_non_cyclicals,
HOME,Hotel Mandarine Regency Tbk.,consumer_cyclicals,
HOMI,Grand House Mulia Tbk.,properties_real_estate,
HOPE,Harapan Duta Pertiwi Tbk.,industrials,
HOTL,Saraswati Griya Lestari Tbk.,consumer_cyclicals,
HRME,Menteng Heritage Realty Tbk.,consumer_cyclicals,
HRTA,Hartadinata Abadi Tbk.,consumer_cyclicals,
HRUM,Harum Energy Tbk.,energy,
HUMI,Humpuss Maritim Internasional ,energy,
HYGN,Ecocare Indo Pasifik Tbk.,industrials,
IATA,MNC Energy Investments Tbk.,energy,
IBFN,Intan Baru Prana Tbk.,industrials,
IBOS,Indo Boga Sukses Tbk.,consumer_non_cyclicals,
IBST,Inti Bangun Sejahtera Tbk.,infrastructures,
ICBP,Indofood CBP Sukses Makmur Tbk,consumer_non_cyclicals,
ICON,Island Concepts Indonesia Tbk.,industrials,
IDEA,Idea Indonesia Akademi Tbk.,consumer_cyclicals,
IDPR,Indonesia Pondasi Raya Tbk.,infrastructures,
IFII,Indonesia Fibreboard Industry ,basic_materials,
IFSH,Ifishdeco Tbk.,basic_materials,
IGAR,Champion Pacific Indonesia Tbk,basic_materials,
IIKP,Inti Agri Resources Tbk,consumer_cyclicals,
IKAI,Intikeramik Alamasri Industri ,industrials,
IKAN,Era Mandiri Cemerlang Tbk.,consumer_non_cyclicals,
IKBI,Sumi Indo Kabel Tbk.,industrials,
IKPM,Ikapharmindo Putramas Tbk.,healthcare,
IMAS,Indomobil Sukses Internasional,consumer_cyclicals,
IMJS,Indomobil Multi Jasa Tbk.,transportasi_dan_logistik,
IMPC,Impack Pratama Industri Tbk.,industrials,
INAF,Indofarma Tbk.,healthcare,
INAI,Indal Aluminium Industry Tbk.,basic_materials,
INCF,Indo Komoditi Korpora Tbk.,basic_materials,
INCI,Intanwijaya Internasional Tbk,basic_materials,
INCO,Vale Indonesia Tbk.,basic_materials,
INDF,Indofood Sukses Makmur Tbk.,consumer_non_cyclicals,
INDO,Royalindo Investa Wijaya Tbk.,properties_real_estate,
INDR,Indo-Rama Synthetics Tbk.,consumer_cyclicals,
INDS,Indospring Tbk.,consumer_cyclicals,
INDX,Tanah Laut Tbk,industrials,
INDY,Indika Energy Tbk.,energy,
INET,Sinergi Inti Andalan Prima Tbk,infrastructures,
INKP,Indah Kiat Pulp & Paper Tbk.,basic_materials,
INOV,Inocycle Technology Group Tbk.,consumer_cyclicals,
INPC,Bank Artha Graha Internasional,financials,
INPP,Indonesian Paradise Property T,properties_real_estate,
INPS,Indah Prakasa Sentosa Tbk.,energy,
INRU,Toba Pulp Lestari Tbk.,basic_materials,
INTA,Intraco Penta Tbk.,industrials,
INTD,Inter Delta Tbk,basic_materials,
INTP,Indocement Tunggal Prakarsa Tb,basic_materials,
IOTF,Sumber Sinergi Makmur Tbk.,technology,
IPAC,Era Graharealty Tbk.,properties_real_estate,
IPCC,Indonesia Kendaraan Terminal T,infrastructures,
IPCM,Jasa Armada Indonesia Tbk.,infrastructures,
IPOL,Indopoly Swakarsa Industry Tbk,basic_materials,
IPPE,Indo Pureco Pratama Tbk.,consumer_non_cyclicals,
IPTV,MNC Vision Networks Tbk.,consumer_cyclicals,
IRRA,Itama Ranoraya Tbk.,healthcare,
IRSX,Folago Global Nusantara Tbk.,technology,
ISAP,Isra Presisi Indonesia Tbk.,consumer_cyclicals,
ISAT,Indosat Tbk.,infrastructures,
ISEA,Indo American Seafoods Tbk.,consumer_non_cyclicals,
ISSP,Steel Pipe Industry of Indones,basic_materials,
ITIC,Indonesian Tobacco Tbk.,consumer_non_cyclicals,
ITMA,Sumber Energi Andalan Tbk.,energy,
ITMG,Indo Tambangraya Megah Tbk.,energy,
JARR,Jhonlin Agro Raya Tbk.,consumer_non_cyclicals,
JAST,Jasnita Telekomindo Tbk.,infrastructures,
JATI,Informasi Teknologi Indonesia ,technology,
JAWA,Jaya Agra Wattie Tbk.,consumer_non_cyclicals,
JAYA,Armada Berjaya Trans Tbk.,transportasi_dan_logistik,
JECC,Jembo Cable Company Tbk.,industrials,
JGLE,Graha Andrasentra Propertindo ,consumer_cyclicals,
JIHD,Jakarta International Hotels &,consumer_cyclicals,
JKON,Jaya Konstruksi Manggala Prata,infrastructures,
JMAS,Asuransi Jiwa Syariah Jasa Mit,financials,
JPFA,Japfa Comfeed Indonesia Tbk.,consumer_non_cyclicals,
JRPT,Jaya Real Property Tbk.,properties_real_estate,
JSKY,Sky Energy Indonesia Tbk.,energy,
JSMR,Jasa Marga (Persero) Tbk.,infrastructures,
JSPT,Jakarta Setiabudi Internasiona,consumer_cyclicals,
JTPE,Jasuindo Tiga Perkasa Tbk.,industrials,
KAEF,Kimia Farma Tbk.,healthcare,
KAQI,Jantra Grupo Indonesia Tbk.,consumer_cyclicals,
KARW,Meratus Jasa Prima Tbk.,infrastructures,
KAYU,Darmi Bersaudara Tbk.,basic_materials,
KBAG,Karya Bersama Anugerah Tbk.,properties_real_estate,
KBLI,KMI Wire & Cable Tbk.,industrials,
KBLM,Kabelindo Murni Tbk.,industrials,
KBLV,First Media Tbk.,infrastructures,
KBRI,Kertas Basuki Rachmat Indonesi,basic_materials,
KDSI,Kedawung Setia Industrial Tbk.,basic_materials,
KDTN,Puri Sentul Permai Tbk.,consumer_cyclicals,
KEEN,Kencana Energi Lestari Tbk.,infrastructures,
KEJU,Mulia Boga Raya Tbk.,consumer_non_cyclicals,
KETR,Ketrosden Triasmitra Tbk.,infrastructures,
KIAS,Keramika Indonesia Assosiasi T,industrials,
KICI,Kedaung Indah Can Tbk,consumer_cyclicals,
KIJA,Kawasan Industri Jababeka Tbk.,properties_real_estate,
KING,Hoffmen Cleanindo Tbk.,industrials,
KINO,Kino Indonesia Tbk.,consumer_non_cyclicals,
KIOS,Kioson Komersial Indonesia Tbk,technology,
KJEN,Krida Jaringan Nusantara Tbk.,transportasi_dan_logistik,
KKES,Kusuma Kemindo Sentosa Tbk.,basic_materials,
KKGI,Resource Alam Indonesia Tbk.,energy,
KLAS,Pelayaran Kurnia Lautan Semest,transportasi_dan_logistik,
KLBF,Kalbe Farma Tbk.,healthcare,
KLIN,Klinko Karya Imaji Tbk.,consumer_cyclicals,
KMDS,Kurniamitra Duta Sentosa Tbk.,consumer_non_cyclicals,
KMTR,Kirana Megatara Tbk.,basic_materials,
KOBX,Kobexindo Tractors Tbk.,industrials,
KOCI,Kokoh Exa Nusantara Tbk.,properties_real_estate,
KOIN,Kokoh Inti Arebama Tbk,industrials,
KOKA,Koka Indonesia Tbk.,infrastructures,
KONI,Perdana Bangun Pusaka Tbk,industrials,
KOPI,Mitra Energi Persada Tbk.,energy,
KOTA,DMS Propertindo Tbk.,consumer_cyclicals,
KPIG,MNC Tourism Indonesia Tbk.,consumer_cyclicals,
KRAS,Krakatau Steel (Persero) Tbk.,basic_materials,
KREN,Quantum Clovera Investama Tbk.,technology,
KRYA,Bangun Karya Perkasa Jaya Tbk.,infrastructures,
KSIX,Kentanix Supra International T,properties_real_estate,
KUAS,Ace Oldfields Tbk.,industrials,
LABA,Green Power Group Tbk.,industrials,
LABS,UBC Medical Indonesia Tbk.,healthcare,
LAJU,Jasa Berdikari Logistics Tbk.,transportasi_dan_logistik,
LAND,Trimitra Propertindo Tbk.,properties_real_estate,
LAPD,Leyand International Tbk.,consumer_non_cyclicals,
LCGP,Eureka Prima Jakarta Tbk.,properties_real_estate,
LCKM,LCK Global Kedaton Tbk.,infrastructures,
LEAD,Logindo Samudramakmur Tbk.,energy,
LFLO,Imago Mulia Persada Tbk.,consumer_cyclicals,
LIFE,MSIG Life Insurance Indonesia ,financials,
LINK,Link Net Tbk.,infrastructures,
LION,Lion Metal Works Tbk.,industrials,
LIVE,Homeco Victoria Makmur Tbk.,consumer_cyclicals,
LMAS,Limas Indonesia Makmur Tbk,technology,
LMAX,Lupromax Pelumas Indonesia Tbk,consumer_cyclicals,
LMPI,Langgeng Makmur Industri Tbk.,consumer_cyclicals,
LMSH,Lionmesh Prima Tbk.,basic_materials,
LOPI,Logisticsplus International Tb,transportasi_dan_logistik,
LPCK,Lippo Cikarang Tbk,properties_real_estate,
LPGI,Lippo General Insurance Tbk.,financials,
LPIN,Multi Prima Sejahtera Tbk,consumer_cyclicals,
LPKR,Lippo Karawaci Tbk.,properties_real_estate,
LPLI,Star Pacific Tbk,properties_real_estate,
LPPF,Matahari Department Store Tbk.,consumer_cyclicals,
LPPS,Lenox Pasifik Investama Tbk.,financials,
LRNA,Eka Sari Lorena Transport Tbk.,transportasi_dan_logistik,
LSIP,PP London Sumatra Indonesia Tb,consumer_non_cyclicals,
LTLS,Lautan Luas Tbk.,basic_materials,
LUCK,Sentral Mitra Informatika Tbk.,technology,
LUCY,Lima Dua Lima Tiga Tbk.,consumer_cyclicals,
MABA,Marga Abhinaya Abadi Tbk.,consumer_cyclicals,
MAGP,Multi Agro Gemilang Plantation,consumer_non_cyclicals,
MAHA,Mandiri Herindo Adiperkasa Tbk,energy,
MAIN,Malindo Feedmill Tbk.,consumer_non_cyclicals,
MANG,Manggung Polahraya Tbk.,infrastructures,
MAPA,Map Aktif Adiperkasa Tbk.,consumer_cyclicals,
MAPB,MAP Boga Adiperkasa Tbk.,consumer_cyclicals,
MAPI,Mitra Adiperkasa Tbk.,consumer_cyclicals,
MARI,Mahaka Radio Integra Tbk.,consumer_cyclicals,
MARK,Mark Dynamics Indonesia Tbk.,industrials,
MASB,Bank Multiarta Sentosa Tbk.,financials,
MAXI,Maxindo Karya Anugerah Tbk.,consumer_non_cyclicals,
MAYA,Bank Mayapada Internasional Tb,financials,
MBAP,Mitrabara Adiperdana Tbk.,energy,
MBMA,Merdeka Battery Materials Tbk.,basic_materials,
MBSS,Mitrabahtera Segara Sejati Tbk,energy,
MBTO,Martina Berto Tbk.,consumer_non_cyclicals,
MCAS,M Cash Integrasi Tbk.,technology,
MCOL,Prima Andalan Mandiri Tbk.,energy,
MCOR,Bank China Construction Bank I,financials,
MDIA,Intermedia Capital Tbk.,consumer_cyclicals,
MDIY,Daya Intiguna Yasa Tbk.,consumer_cyclicals,
MDKA,Merdeka Copper Gold Tbk.,basic_materials,
MDKI,Emdeki Utama Tbk.,basic_materials,
MDLA,Medela Potentia Tbk.,healthcare,
MDLN,Modernland Realty Tbk.,properties_real_estate,
MDRN,Modern Internasional Tbk.,industrials,
MEDC,Medco Energi Internasional Tbk,energy,
MEDS,Hetzer Medical Indonesia Tbk.,healthcare,
MEGA,Bank Mega Tbk.,financials,
MEJA,Harta Djaya Karya Tbk.,consumer_cyclicals,
MENN,Menn Teknologi Indonesia Tbk.,technology,
MERI,Merry Riana Edukasi Tbk.,consumer_cyclicals,
MERK,Merck Tbk.,healthcare,
META,Nusantara Infrastructure Tbk.,infrastructures,
MFMI,Multifiling Mitra Indonesia Tb,industrials,
MGLV,Panca Anugrah Wisesa Tbk.,consumer_cyclicals,
MGNA,Magna Investama Mandiri Tbk.,consumer_cyclicals,
MGRO,Mahkota Group Tbk.,consumer_non_cyclicals,
MHKI,Multi Hanna Kreasindo Tbk.,industrials,
MICE,Multi Indocitra Tbk.,consumer_cyclicals,
MIDI,Midi Utama Indonesia Tbk.,consumer_non_cyclicals,
MIKA,Mitra Keluarga Karyasehat Tbk.,healthcare,
MINA,Sanurhasta Mitra Tbk.,consumer_cyclicals,
MINE,Sinar Terang Mandiri Tbk.,basic_materials,
MIRA,Mitra International Resources ,transportasi_dan_logistik,
MITI,Mitra Investindo Tbk.,transportasi_dan_logistik,
MKAP,Multikarya Asia Pasifik Raya T,energy,
MKNT,Mitra Komunikasi Nusantara Tbk,consumer_cyclicals,
MKPI,Metropolitan Kentjana Tbk.,properties_real_estate,
MKTR,Menthobi Karyatama Raya Tbk.,consumer_non_cyclicals,
MLBI,Multi Bintang Indonesia Tbk.,consumer_non_cyclicals,
MLIA,Mulia Industrindo Tbk,industrials,
MLPL,Multipolar Tbk.,consumer_non_cyclicals,
MLPT,Multipolar Technology Tbk.,technology,
MMIX,Multi Medika Internasional Tbk,healthcare,
MMLP,Mega Manunggal Property Tbk.,properties_real_estate,
MNCN,Media Nusantara Citra Tbk.,consumer_cyclicals,
MOLI,Madusari Murni Indah Tbk.,basic_materials,
MORA,Mora Telematika Indonesia Tbk.,infrastructures,
MPIX,Mitra Pedagang Indonesia Tbk.,technology,
MPMX,Mitra Pinasthika Mustika Tbk.,consumer_cyclicals,
MPOW,Megapower Makmur Tbk.,infrastructures,
MPPA,Matahari Putra Prima Tbk.,consumer_non_cyclicals,
MPRO,Maha Properti Indonesia Tbk.,properties_real_estate,
MPXL,MPX Logistics International Tb,transportasi_dan_logistik,
MRAT,Mustika Ratu Tbk.,consumer_non_cyclicals,
MREI,Maskapai Reasuransi Indonesia ,financials,
MSIE,Multisarana Intan Eduka Tbk.,properties_real_estate,
MSIN,MNC Digital Entertainment Tbk.,consumer_cyclicals,
MSJA,Multi Spunindo Jaya Tbk.,consumer_non_cyclicals,
MSKY,MNC Sky Vision Tbk.,consumer_cyclicals,
MSTI,Mastersystem Infotama Tbk.,technology,
MTDL,Metrodata Electronics Tbk.,technology,
MTEL,Dayamitra Telekomunikasi Tbk.,infrastructures,
MTFN,Capitalinc Investment Tbk.,energy,
MTLA,Metropolitan Land Tbk.,properties_real_estate,
MTMH,Murni Sadar Tbk.,healthcare,
MTPS,Meta Epsi Tbk.,infrastructures,
MTRA,Mitra Pemuda Tbk.,infrastructures,
MTSM,Metro Realty Tbk.,properties_real_estate,
MTWI,Malacca Trust Wuwungan Insuran,financials,
MUTU,Mutuagung Lestari Tbk.,industrials,
MYOH,Samindo Resources Tbk.,energy,
MYOR,Mayora Indah Tbk.,consumer_non_cyclicals,
MYTX,Asia Pacific Investama Tbk.,consumer_cyclicals,
NAIK,Adiwarna Anugerah Abadi Tbk.,industrials,
NANO,Nanotech Indonesia Global Tbk.,consumer_non_cyclicals,
NASA,Andalan Perkasa Abadi Tbk.,properties_real_estate,
NASI,Wahana Inti Makmur Tbk.,consumer_non_cyclicals,
NATO,Surya Permata Andalan Tbk.,consumer_cyclicals,
NAYZ,Hassana Boga Sejahtera Tbk.,consumer_non_cyclicals,
NCKL,Trimegah Bangun Persada Tbk.,basic_materials,
NELY,Pelayaran Nelly Dwi Putri Tbk.,transportasi_dan_logistik,
NEST,Esta Indonesia Tbk.,consumer_non_cyclicals,
NETV,MDTV Media Technologies Tbk.,consumer_cyclicals,
NFCX,NFC Indonesia Tbk.,technology,
NICE,Adhi Kartiko Pratama Tbk.,basic_materials,
NICK,Charnic Capital Tbk.,financials,
NICL,PAM Mineral Tbk.,basic_materials,
NIKL,Pelat Timah Nusantara Tbk.,basic_materials,
NINE,Techno9 Indonesia Tbk.,technology,
NIRO,City Retail Developments Tbk.,properties_real_estate,
NISP,Bank OCBC NISP Tbk.,financials,
NOBU,Bank Nationalnobu Tbk.,financials,
NPGF,Nusa Palapa Gemilang Tbk.,basic_materials,
NRCA,Nusa Raya Cipta Tbk.,infrastructures,
NSSS,Nusantara Sawit Sejahtera Tbk.,consumer_non_cyclicals,
NTBK,Nusatama Berkah Tbk.,industrials,
NUSA,Sinergi Megah Internusa Tbk.,consumer_cyclicals,
NZIA,Nusantara Almazia Tbk.,properties_real_estate,
OASA,Maharaksa Biru Energi Tbk.,infrastructures,
OBAT,Brigit Biofarmaka Teknologi Tb,healthcare,
OBMD,OBM Drilchem Tbk.,basic_materials,
OCAP,Onix Capital Tbk.,financials,
OILS,Indo Oil Perkasa Tbk.,consumer_non_cyclicals,
OKAS,Ancora Indonesia Resources Tbk,basic_materials,
OLIV,Oscar Mitra Sukses Sejahtera T,consumer_cyclicals,
OMED,Jayamas Medica Industri Tbk.,healthcare,
OMRE,Indonesia Prima Property Tbk,properties_real_estate,
OPMS,Optima Prima Metal Sinergi Tbk,basic_materials,
PACK,Abadi Nusantara Hijau Investam,basic_materials,
PADA,Personel Alih Daya Tbk.,industrials,
PADI,Minna Padi Investama Sekuritas,financials,
PALM,Provident Investasi Bersama Tb,financials,
PAMG,Bima Sakti Pertiwi Tbk.,properties_real_estate,
PANI,Pantai Indah Kapuk Dua Tbk.,properties_real_estate,
PANR,Panorama Sentrawisata Tbk.,consumer_cyclicals,
PANS,Panin Sekuritas Tbk.,financials,
PART,Cipta Perdana Lancar Tbk.,consumer_cyclicals,
PBID,Panca Budi Idaman Tbk.,basic_materials,
PBRX,Pan Brothers Tbk.,consumer_cyclicals,
PBSA,Paramita Bangun Sarana Tbk.,infrastructures,
PCAR,Prima Cakrawala Abadi Tbk.,consumer_non_cyclicals,
PDES,Destinasi Tirta Nusantara Tbk,consumer_cyclicals,
PDPP,Primadaya Plastisindo Tbk.,basic_materials,
PEGE,Panca Global Kapital Tbk.,financials,
PEHA,Phapros Tbk.,healthcare,
PEVE,Penta Valent Tbk.,healthcare,
PGAS,Perusahaan Gas Negara Tbk.,energy,
PGEO,Pertamina Geothermal Energy Tb,infrastructures,
PGJO,Bahtera Bumi Raya Tbk.,technology,
PGLI,Pembangunan Graha Lestari Inda,consumer_cyclicals,
PGUN,Pradiksi Gunatama Tbk.,consumer_non_cyclicals,
PICO,Pelangi Indah Canindo Tbk,basic_materials,
PIPA,Multi Makmur Lemindo Tbk.,industrials,
PJAA,Pembangunan Jaya Ancol Tbk.,consumer_cyclicals,
PKPK,Paragon Karya Perkasa Tbk.,energy,
PLAN,Planet Properindo Jaya Tbk.,consumer_cyclicals,
PLAS,Polaris Investama Tbk,financials,
PLIN,Plaza Indonesia Realty Tbk.,properties_real_estate,
PMJS,Putra Mandiri Jembar Tbk.,consumer_cyclicals,
PMMP,Panca Mitra Multiperdana Tbk.,consumer_non_cyclicals,
PMUI,Prima Multi Usaha Indonesia Tb,consumer_cyclicals,
PNBN,Bank Pan Indonesia Tbk,financials,
PNBS,Bank Panin Dubai Syariah Tbk.,financials,
PNGO,Pinago Utama Tbk.,consumer_non_cyclicals,
PNIN,Paninvest Tbk.,financials,
PNLF,Panin Financial Tbk.,financials,
PNSE,Pudjiadi & Sons Tbk.,consumer_cyclicals,
POLA,Pool Advista Finance Tbk.,financials,
POLI,Pollux Hotels Group Tbk.,properties_real_estate,
POLL,Pollux Properties Indonesia Tb,properties_real_estate,
POLU,Golden Flower Tbk.,consumer_cyclicals,
POLY,Asia Pacific Fibers Tbk,consumer_cyclicals,
POOL,Pool Advista Indonesia Tbk.,financials,
PORT,Nusantara Pelabuhan Handal Tbk,infrastructures,
POSA,Bliss Properti Indonesia Tbk.,properties_real_estate,
POWR,Cikarang Listrindo Tbk.,infrastructures,
PPGL,Prima Globalindo Logistik Tbk.,transportasi_dan_logistik,
PPRE,PP Presisi Tbk.,infrastructures,
PPRI,Paperocks Indonesia Tbk.,basic_materials,
PPRO,PP Properti Tbk.,properties_real_estate,
PRAY,Famon Awal Bros Sedaya Tbk.,healthcare,
PRDA,Prodia Widyahusada Tbk.,healthcare,
PRIM,Royal Prima Tbk.,healthcare,
PSAB,J Resources Asia Pasifik Tbk.,basic_materials,
PSAT,Pancaran Samudera Transport Tb,energy,
PSDN,Prasidha Aneka Niaga Tbk,consumer_non_cyclicals,
PSGO,Palma Serasih Tbk.,consumer_non_cyclicals,
PSKT,Red Planet Indonesia Tbk.,consumer_cyclicals,
PSSI,IMC Pelita Logistik Tbk.,energy,
PTBA,Bukit Asam Tbk.,energy,
PTDU,Djasa Ubersakti Tbk.,infrastructures,
PTIS,Indo Straits Tbk.,energy,
PTMP,Mitra Pack Tbk.,industrials,
PTMR,Master Print Tbk.,basic_materials,
PTPP,PP (Persero) Tbk.,infrastructures,
PTPS,Pulau Subur Tbk.,consumer_non_cyclicals,
PTPW,Pratama Widya Tbk.,infrastructures,
PTRO,Petrosea Tbk.,energy,
PTSN,Sat Nusapersada Tbk,technology,
PTSP,Pioneerindo Gourmet Internatio,consumer_cyclicals,
PUDP,Pudjiadi Prestige Tbk.,properties_real_estate,
PURA,Putra Rajawali Kencana Tbk.,transportasi_dan_logistik,
PURE,Trinitan Metals and Minerals T,basic_materials,
PURI,Puri Global Sukses Tbk.,properties_real_estate,
PWON,Pakuwon Jati Tbk.,properties_real_estate,
PYFA,Pyridam Farma Tbk,healthcare,
PZZA,Sarimelati Kencana Tbk.,consumer_cyclicals,
RAAM,Tripar Multivision Plus Tbk.,consumer_cyclicals,
RAFI,Sari Kreasi Boga Tbk.,consumer_cyclicals,
RAJA,Rukun Raharja Tbk.,energy,
RALS,Ramayana Lestari Sentosa Tbk.,consumer_cyclicals,
RANC,Supra Boga Lestari Tbk.,consumer_non_cyclicals,
RATU,Raharja Energi Cepu Tbk.,energy,
RBMS,Ristia Bintang Mahkotasejati T,properties_real_estate,
RCCC,Utama Radar Cahaya Tbk.,transportasi_dan_logistik,
RDTX,Roda Vivatex Tbk,properties_real_estate,
REAL,Repower Asia Indonesia Tbk.,properties_real_estate,
RELF,Graha Mitra Asia Tbk.,properties_real_estate,
RELI,Reliance Sekuritas Indonesia T,financials,
RGAS,Kian Santang Muliatama Tbk.,energy,
RICY,Ricky Putra Globalindo Tbk,consumer_cyclicals,
RIGS,Rig Tenders Indonesia Tbk.,energy,
RIMO,Rimo International Lestari Tbk,properties_real_estate,
RISE,Jaya Sukses Makmur Sentosa Tbk,properties_real_estate,
RMKE,RMK Energy Tbk.,energy,
RMKO,Royaltama Mulia Kontraktorindo,energy,
ROCK,Rockfields Properti Indonesia ,properties_real_estate,
RODA,Pikko Land Development Tbk.,properties_real_estate,
RONY,Aracord Nusantara Group Tbk.,infrastructures,
ROTI,Nippon Indosari Corpindo Tbk.,consumer_non_cyclicals,
RSCH,Charlie Hospital Semarang Tbk.,healthcare,
RSGK,Kedoya Adyaraya Tbk.,healthcare,
RUIS,Radiant Utama Interinsco Tbk.,energy,
RUNS,Global Sukses Solusi Tbk.,technology,
SAFE,Steady Safe Tbk,transportasi_dan_logistik,
SAGE,Saptausaha Gemilangindah Tbk.,properties_real_estate,
SAME,Sarana Meditama Metropolitan T,healthcare,
SAMF,Saraswanti Anugerah Makmur Tbk,basic_materials,
SAPX,Satria Antaran Prima Tbk.,transportasi_dan_logistik,
SATU,Kota Satu Properti Tbk.,properties_real_estate,
SBAT,Sejahtera Bintang Abadi Textil,consumer_cyclicals,
SBMA,Surya Biru Murni Acetylene Tbk,basic_materials,
SCCO,Supreme Cable Manufacturing & ,industrials,
SCMA,Surya Citra Media Tbk.,consumer_cyclicals,
SCNP,Selaras Citra Nusantara Perkas,consumer_cyclicals,
SCPI,Organon Pharma Indonesia Tbk.,healthcare,
SDMU,Sidomulyo Selaras Tbk.,transportasi_dan_logistik,
SDPC,Millennium Pharmacon Internati,consumer_non_cyclicals,
SDRA,Bank Woori Saudara Indonesia 1,financials,
SEMA,Semacom Integrated Tbk.,energy,
SFAN,Surya Fajar Capital Tbk.,financials,
SGER,Sumber Global Energy Tbk.,energy,
SGRO,Sampoerna Agro Tbk.,consumer_non_cyclicals,
SHID,Hotel Sahid Jaya International,consumer_cyclicals,
SHIP,Sillo Maritime Perdana Tbk.,energy,
SICO,Sigma Energy Compressindo Tbk.,energy,
SIDO,Industri Jamu dan Farmasi Sido,healthcare,
SILO,Siloam International Hospitals,healthcare,
SIMA,Siwani Makmur Tbk,basic_materials,
SIMP,Salim Ivomas Pratama Tbk.,consumer_non_cyclicals,
SINI,Singaraja Putra Tbk.,industrials,
SIPD,Sreeya Sewu Indonesia Tbk.,consumer_non_cyclicals,
SKBM,Sekar Bumi Tbk.,consumer_non_cyclicals,
SKLT,Sekar Laut Tbk.,consumer_non_cyclicals,
SKRN,Superkrane Mitra Utama Tbk.,industrials,
SKYB,Northcliff Citranusa Indonesia,technology,
SLIS,Gaya Abadi Sempurna Tbk.,consumer_cyclicals,
SMAR,Sinar Mas Agro Resources and T,consumer_non_cyclicals,
SMBR,Semen Baturaja Tbk.,basic_materials,
SMCB,Solusi Bangun Indonesia Tbk.,basic_materials,
SMDM,Suryamas Dutamakmur Tbk.,properties_real_estate,
SMDR,Samudera Indonesia  Tbk.,transportasi_dan_logistik,
SMGA,Sumber Mineral Global Abadi Tb,basic_materials,
SMGR,Semen Indonesia (Persero) Tbk.,basic_materials,
SMIL,Sarana Mitra Luas Tbk.,industrials,
SMKL,Satyamitra Kemas Lestari Tbk.,basic_materials,
SMKM,Sumber Mas Konstruksi Tbk.,infrastructures,
SMLE,Sinergi Multi Lestarindo Tbk.,basic_materials,
SMMA,Sinarmas Multiartha Tbk.,financials,
SMMT,Golden Eagle Energy Tbk.,energy,
SMRA,Summarecon Agung Tbk.,properties_real_estate,
SMRU,SMR Utama Tbk.,energy,
SMSM,Selamat Sempurna Tbk.,consumer_cyclicals,
SNLK,Sunter Lakeside Hotel Tbk.,consumer_cyclicals,
SOCI,Soechi Lines Tbk.,energy,
SOFA,Boston Furniture Industries Tb,consumer_cyclicals,
SOHO,Soho Global Health Tbk.,healthcare,
SOLA,Xolare RCR Energy Tbk.,basic_materials,
SONA,Sona Topas Tourism Industry Tb,consumer_cyclicals,
SOSS,Shield On Service Tbk.,industrials,
SOTS,Satria Mega Kencana Tbk.,consumer_cyclicals,
SOUL,Mitra Tirta Buwana Tbk.,consumer_non_cyclicals,
SPMA,Suparma Tbk.,basic_materials,
SPRE,Soraya Berjaya Indonesia Tbk.,consumer_cyclicals,
SPTO,Surya Pertiwi Tbk.,industrials,
SQMI,Wilton Makmur Indonesia Tbk.,basic_materials,
SRAJ,Sejahteraraya Anugrahjaya Tbk.,healthcare,
SRIL,Sri Rejeki Isman Tbk.,consumer_cyclicals,
SRSN,Indo Acidatama Tbk,basic_materials,
SRTG,Saratoga Investama Sedaya Tbk.,financials,
SSIA,Surya Semesta Internusa Tbk.,infrastructures,
SSMS,Sawit Sumbermas Sarana Tbk.,consumer_non_cyclicals,
SSTM,Sunson Textile Manufacture Tbk,consumer_cyclicals,
STAA,Sumber Tani Agung Resources Tb,consumer_non_cyclicals,
STAR,Buana Artha Anugerah Tbk.,financials,
STRK,Lovina Beach Brewery Tbk.,consumer_non_cyclicals,
STTP,Siantar Top Tbk.,consumer_non_cyclicals,
SUGI,Sugih Energy Tbk.,energy,
SULI,SLJ Global Tbk.,basic_materials,
SUNI,Sunindo Pratama Tbk.,energy,
SUPR,Solusi Tunas Pratama Tbk.,infrastructures,
SURE,Super Energy Tbk.,energy,
SURI,Maja Agung Latexindo Tbk.,healthcare,
SWAT,Sriwahana Adityakarta Tbk.,basic_materials,
SWID,Saraswanti Indoland Developmen,consumer_cyclicals,
TALF,Tunas Alfin Tbk.,basic_materials,
TAMA,Lancartama Sejati Tbk.,infrastructures,
TAMU,Pelayaran Tamarin Samudra Tbk.,energy,
TAPG,Triputra Agro Persada Tbk.,consumer_non_cyclicals,
TARA,Agung Semesta Sejahtera Tbk.,properties_real_estate,
TAXI,Express Transindo Utama Tbk.,transportasi_dan_logistik,
TAYS,Jaya Swarasa Agung Tbk.,consumer_non_cyclicals,
TBIG,Tower Bersama Infrastructure T,infrastructures,
TBLA,Tunas Baru Lampung Tbk.,consumer_non_cyclicals,
TBMS,Tembaga Mulia Semanan Tbk.,basic_materials,
TCID,Mandom Indonesia Tbk.,consumer_non_cyclicals,
TCPI,Transcoal Pacific Tbk.,energy,
TDPM,Tianrong Chemicals Industry Tb,basic_materials,
TEBE,Dana Brata Luhur Tbk.,energy,
TECH,Indosterling Technomedia Tbk.,technology,
TELE,Omni Inovasi Indonesia Tbk.,consumer_cyclicals,
TFAS,Telefast Indonesia Tbk.,technology,
TFCO,Tifico Fiber Indonesia Tbk.,consumer_cyclicals,
TGKA,Tigaraksa Satria Tbk.,consumer_non_cyclicals,
TGRA,Terregra Asia Energy Tbk.,infrastructures,
TGUK,Platinum Wahab Nusantara Tbk.,consumer_non_cyclicals,
TIFA,KDB Tifa Finance Tbk.,financials,
TINS,Timah Tbk.,basic_materials,
TIRA,Tira Austenite Tbk,industrials,
TIRT,Tirta Mahakam Resources Tbk,basic_materials,
TKIM,Pabrik Kertas Tjiwi Kimia Tbk.,basic_materials,
TLDN,Teladan Prima Agro Tbk.,consumer_non_cyclicals,
TLKM,Telkom Indonesia (Persero) Tbk,infrastructures,
TMAS,Temas Tbk.,transportasi_dan_logistik,
TMPO,Tempo Intimedia Tbk.,consumer_cyclicals,
TNCA,Trimuda Nuansa Citra Tbk.,transportasi_dan_logistik,
TOBA,TBS Energi Utama Tbk.,energy,
TOOL,Rohartindo Nusantara Luas Tbk.,consumer_cyclicals,
TOPS,Totalindo Eka Persada Tbk.,infrastructures,
TOSK,Topindo Solusi Komunika Tbk.,technology,
TOTL,Total Bangun Persada Tbk.,infrastructures,
TOTO,Surya Toto Indonesia Tbk.,industrials,
TOWR,Sarana Menara Nusantara Tbk.,infrastructures,
TOYS,Sunindo Adipersada Tbk.,consumer_cyclicals,
TPIA,Chandra Asri Pacific Tbk.,basic_materials,
TPMA,Trans Power Marine Tbk.,energy,
TRAM,Trada Alam Minera Tbk.,energy,
TRGU,Cerestar Indonesia Tbk.,consumer_non_cyclicals,
TRIL,Triwira Insanlestari Tbk.,industrials,
TRIM,Trimegah Sekuritas Indonesia T,financials,
TRIN,Perintis Triniti Properti Tbk.,properties_real_estate,
TRIO,Trikomsel Oke Tbk.,consumer_cyclicals,
TRIS,Trisula International Tbk.,consumer_cyclicals,
TRJA,Transkon Jaya Tbk.,transportasi_dan_logistik,
TRON,Teknologi Karya Digital Nusa T,technology,
TRST,Trias Sentosa Tbk.,basic_materials,
TRUE,Triniti Dinamik Tbk.,properties_real_estate,
TRUK,Guna Timur Raya Tbk.,transportasi_dan_logistik,
TRUS,Trust Finance Indonesia Tbk,financials,
TSPC,Tempo Scan Pacific Tbk.,healthcare,
TUGU,Asuransi Tugu Pratama Indonesi,financials,
TYRE,King Tire Indonesia Tbk.,consumer_cyclicals,
UANG,Pakuan Tbk.,properties_real_estate,
UCID,Uni-Charm Indonesia Tbk.,consumer_non_cyclicals,
UDNG,Agro Bahari Nusantara Tbk.,consumer_non_cyclicals,
UFOE,Damai Sejahtera Abadi Tbk.,consumer_cyclicals,
ULTJ,Ultrajaya Milk Industry & Trad,consumer_non_cyclicals,
UNIC,Unggul Indah Cahaya Tbk.,basic_materials,
UNIQ,Ulima Nitra Tbk.,energy,
UNIT,Nusantara Inti Corpora Tbk,consumer_cyclicals,
UNSP,Bakrie Sumatera Plantations Tb,consumer_non_cyclicals,
UNTD,Terang Dunia Internusa Tbk.,consumer_cyclicals,
UNTR,United Tractors Tbk.,industrials,
UNVR,Unilever Indonesia Tbk.,consumer_non_cyclicals,
URBN,Urban Jakarta Propertindo Tbk.,properties_real_estate,
UVCR,Trimegah Karya Pratama Tbk.,technology,
VAST,Vastland Indonesia Tbk.,properties_real_estate,
VERN,Verona Indah Pictures Tbk.,consumer_cyclicals,
VICI,Victoria Care Indonesia Tbk.,consumer_non_cyclicals,
VICO,Victoria Investama Tbk.,financials,
VINS,Victoria Insurance Tbk.,financials,
VISI,Satu Visi Putra Tbk.,industrials,
VIVA,Visi Media Asia Tbk.,consumer_cyclicals,
VKTR,VKTR Teknologi Mobilitas Tbk.,consumer_cyclicals,
VOKS,Voksel Electric Tbk.,industrials,
VRNA,Mizuho Leasing Indonesia Tbk.,financials,
VTNY,Venteny Fortuna International ,financials,
WAPO,Wahana Pronatural Tbk.,consumer_non_cyclicals,
WEGE,Wijaya Karya Bangunan Gedung T,infrastructures,
WEHA,WEHA Transportasi Indonesia Tb,transportasi_dan_logistik,
WGSH,Wira Global Solusi Tbk.,technology,
WICO,Wicaksana Overseas Internation,consumer_non_cyclicals,
WIDI,Widiant Jaya Krenindo Tbk.,industrials,
WIFI,Solusi Sinergi Digital Tbk.,technology,
WIIM,Wismilak Inti Makmur Tbk.,consumer_non_cyclicals,
WIKA,Wijaya Karya (Persero) Tbk.,infrastructures,
WINE,Hatten Bali Tbk.,consumer_non_cyclicals,
WINR,Winner Nusantara Jaya Tbk.,properties_real_estate,
WINS,Wintermar Offshore Marine Tbk.,energy,
WIRG,WIR ASIA Tbk.,technology,
WMPP,Widodo Makmur Perkasa Tbk.,consumer_non_cyclicals,
WMUU,Widodo Makmur Unggas Tbk.,consumer_non_cyclicals,
WOMF,Wahana Ottomitra Multiartha Tb,financials,
WOOD,Integra Indocabinet Tbk.,consumer_cyclicals,
WOWS,Ginting Jaya Energi Tbk.,energy,
WSBP,Waskita Beton Precast Tbk.,basic_materials,
WSKT,Waskita Karya (Persero) Tbk.,infrastructures,
WTON,Wijaya Karya Beton Tbk.,basic_materials,
YELO,Yelooo Integra Datanet Tbk.,consumer_cyclicals,
YOII,Asuransi Digital Bersama Tbk.,financials,
YPAS,Yanaprima Hastapersada Tbk,basic_materials,
YULE,Yulie Sekuritas Indonesia Tbk.,financials,
YUPI,Yupi Indo Jelly Gum Tbk.,consumer_non_cyclicals,
ZATA,Bersama Zatta Jaya Tbk.,consumer_cyclicals,
ZBRA,Dosni Roha Indonesia Tbk.,industrials,
ZINC,Kapuas Prima Coal Tbk.,basic_materials,
ZONE,Mega Perintis Tbk.,consumer_cyclicals,
ZYRX,Zyrexindo Mandiri Buana Tbk.,technology,
